[
  {
    "id": "tokaido",
    "name_en": "Tokaido Shinkansen",
    "name_ja": "東海道新幹線",
    "color": "#0066cc",
    "polyline": [
      [35.6812, 139.7671],
      [35.6650, 139.7600],
      [35.6284, 139.7387],
      [35.5800, 139.6900],
      [35.5067, 139.6179],
      [35.4500, 139.5000],
      [35.3800, 139.3500],
      [35.3200, 139.1500],
      [35.2800, 138.9500],
      [35.2500, 138.7000],
      [35.2200, 138.4500],
      [35.2000, 138.2000],
      [35.1800, 137.9000],
      [35.1709, 136.8815],
      [35.1500, 136.5000],
      [35.1000, 136.2000],
      [35.0500, 136.0000],
      [34.9858, 135.7588],
      [34.9000, 135.6500],
      [34.8000, 135.5500],
      [34.7337, 135.5000]
    ],
    "station_ids_in_order": [
      "tokyo",
      "shinagawa",
      "shin-yokohama",
      "nagoya",
      "kyoto",
      "shin-osaka"
    ]
  }
]
